Start Time (Seconds),End Time (Seconds),Duration (Seconds),Component,Energy Consumption (Joule)
0,71.21000000000001,71.21000000000001,screen dark,10.818451072000002
0,71.21000000000001,71.21000000000001,wifi running,0.15367118
51.253,71.21000000000001,19.957000000000008,audio,3.445376480000001
51.253,56.557,5.304000000000002,audio,0.9156825600000003

