Start Time (Seconds),End Time (Seconds),Duration (Seconds),Component,Energy Consumption (Joule)
0,71.406,71.406,screen dark,10.848228019200002
0,71.406,71.406,wifi running,0.154094148
30.452,71.406,40.95400000000001,audio,7.070298560000001
30.452,35.358,4.905999999999995,audio,0.8469718399999991
51.032,71.406,20.37400000000001,audio,3.5173673600000015
51.032,56.441,5.409000000000006,audio,0.9338097600000009

