Start Time (Seconds),End Time (Seconds),Duration (Seconds),Component,Energy Consumption (Joule)
0,70.993,70.993,screen dark,10.7854837376
0,70.993,70.993,wifi running,0.15320289399999998
30.275,70.993,40.717999999999996,audio,7.029555519999999
30.275,35.016,4.741,audio,0.8184862399999999
50.507,70.993,20.485999999999997,audio,3.5367030399999995
50.507,56.516,6.009,audio,1.03739376

