Start Time (Seconds),End Time (Seconds),Duration (Seconds),Component,Energy Consumption (Joule)
0,70.908,70.908,screen dark,10.7725702656
0,70.908,70.908,wifi running,0.153019464
30.598,70.908,40.31,audio,6.9591183999999995
30.598,35.36,4.7620000000000005,audio,0.82211168
50.857,70.908,20.051000000000002,audio,3.46160464
50.857,56.88,6.023000000000003,audio,1.0398107200000004

