Start Time (Seconds),End Time (Seconds),Duration (Seconds),Component,Energy Consumption (Joule)
0,71.219,71.219,screen dark,10.8198183808
0,71.219,71.219,wifi running,0.15369060199999998
30.604,71.219,40.614999999999995,audio,7.011773599999999
30.604,35.303,4.698999999999998,audio,0.8112353599999996

